{
  "timestamp": "2025-08-31T10:20:56.819082",
  "iterations": 10,
  "warmup_iterations": 2,
  "results": {
    "Functional-Positive-Agent": {
      "rust": {
        "mean": 0.767995700000007,
        "median": 0.7939790000000002,
        "std": 0.09165439365482725,
        "min": 0.6391670000000238,
        "max": 0.9131670000000203,
        "p95": 0.9131670000000203,
        "p99": 0.9131670000000203
      },
      "python": {
        "mean": 0,
        "median": 0,
        "std": 0,
        "min": 0,
        "max": 0,
        "p95": 0,
        "p99": 0
      },
      "speedup": 0
    },
    "Functional-Negative-Agent": {
      "rust": {
        "mean": 0.6343915999999977,
        "median": 0.6331664999999903,
        "std": 0.06068055683513194,
        "min": 0.569291999999999,
        "max": 0.7727499999999887,
        "p95": 0.7727499999999887,
        "p99": 0.7727499999999887
      },
      "python": {
        "mean": 0,
        "median": 0,
        "std": 0,
        "min": 0,
        "max": 0,
        "p95": 0,
        "p99": 0
      },
      "speedup": 0
    },
    "Functional-Stateful-Agent": {
      "rust": {
        "mean": 0.5219957000000081,
        "median": 0.5101665000000061,
        "std": 0.051154206526385124,
        "min": 0.48466700000002194,
        "max": 0.6574579999999997,
        "p95": 0.6574579999999997,
        "p99": 0.6574579999999997
      },
      "python": {
        "mean": 0,
        "median": 0,
        "std": 0,
        "min": 0,
        "max": 0,
        "p95": 0,
        "p99": 0
      },
      "speedup": 0
    },
    "Security-Auth-Agent": {
      "rust": {
        "mean": 0.5731166999999981,
        "median": 0.5637079999999961,
        "std": 0.022822144679867686,
        "min": 0.5442499999999961,
        "max": 0.6101669999999948,
        "p95": 0.6101669999999948,
        "p99": 0.6101669999999948
      },
      "python": {
        "mean": 0,
        "median": 0,
        "std": 0,
        "min": 0,
        "max": 0,
        "p95": 0,
        "p99": 0
      },
      "speedup": 0
    },
    "Security-Injection-Agent": {
      "rust": {
        "mean": 1.6509168000000045,
        "median": 1.6150624999999863,
        "std": 0.1323643440556804,
        "min": 1.5546249999999762,
        "max": 2.008833000000015,
        "p95": 2.008833000000015,
        "p99": 2.008833000000015
      },
      "python": {
        "mean": 0,
        "median": 0,
        "std": 0,
        "min": 0,
        "max": 0,
        "p95": 0,
        "p99": 0
      },
      "speedup": 0
    },
    "Performance-Planner-Agent": {
      "rust": {
        "mean": 0.5430541999999983,
        "median": 0.5389790000000227,
        "std": 0.029745175301778205,
        "min": 0.5097919999999534,
        "max": 0.6076660000000067,
        "p95": 0.6076660000000067,
        "p99": 0.6076660000000067
      },
      "python": {
        "mean": 0,
        "median": 0,
        "std": 0,
        "min": 0,
        "max": 0,
        "p95": 0,
        "p99": 0
      },
      "speedup": 0
    },
    "data-mocking": {
      "rust": {
        "mean": 0.45397499999999535,
        "median": 0.4474580000000117,
        "std": 0.01979964545136599,
        "min": 0.4338329999999946,
        "max": 0.489750000000011,
        "p95": 0.489750000000011,
        "p99": 0.489750000000011
      },
      "python": {
        "mean": 0,
        "median": 0,
        "std": 0,
        "min": 0,
        "max": 0,
        "p95": 0,
        "p99": 0
      },
      "speedup": 0
    }
  }
}