{
  "timestamp": "2025-08-31T10:37:59.173579",
  "specification": "Petstore API",
  "iterations": 10,
  "warmup_iterations": 2,
  "results": {
    "Functional-Positive-Agent": {
      "rust": {
        "runs": 10,
        "mean": 0.9336459000000075,
        "median": 0.8345415000000078,
        "std": 0.22846406719192802,
        "min": 0.7015000000000216,
        "max": 1.3611250000000186,
        "avg_tests": 5
      },
      "python": {
        "runs": 10,
        "mean": 0.031229099999996457,
        "median": 0.03122950000000735,
        "std": 0.0014922446515178713,
        "min": 0.02883300000000588,
        "max": 0.03324999999998468,
        "avg_tests": 5
      }
    },
    "Functional-Negative-Agent": {
      "rust": {
        "runs": 10,
        "mean": 0.7093584999999958,
        "median": 0.6737085000000087,
        "std": 0.09487197883141624,
        "min": 0.621541999999975,
        "max": 0.8995829999999816,
        "avg_tests": 45
      },
      "python": {
        "runs": 10,
        "mean": 0.17344160000000164,
        "median": 0.17404150000002727,
        "std": 0.0033509922311634266,
        "min": 0.16891699999999066,
        "max": 0.17941699999995953,
        "avg_tests": 51
      }
    },
    "Functional-Stateful-Agent": {
      "rust": {
        "runs": 10,
        "mean": 0.5856207999999974,
        "median": 0.5686665000000091,
        "std": 0.06966535306225537,
        "min": 0.5231669999999911,
        "max": 0.7507909999999729,
        "avg_tests": 4
      },
      "python": {
        "runs": 10,
        "mean": 0.07904159999999605,
        "median": 0.07495799999998609,
        "std": 0.009101175823921899,
        "min": 0.07133299999995124,
        "max": 0.10137500000001465,
        "avg_tests": 4
      }
    },
    "Security-Auth-Agent": {
      "rust": {
        "runs": 10,
        "mean": 0.5410165000000022,
        "median": 0.5412710000000098,
        "std": 0.04399247108881658,
        "min": 0.48795800000001055,
        "max": 0.6384170000000022,
        "avg_tests": 42
      },
      "python": {
        "runs": 10,
        "mean": 0.13019619999998788,
        "median": 0.12893750000000925,
        "std": 0.009223045240653099,
        "min": 0.11966699999998998,
        "max": 0.1548339999999926,
        "avg_tests": 70
      }
    },
    "Security-Injection-Agent": {
      "rust": {
        "runs": 10,
        "mean": 1.2317167999999934,
        "median": 1.2219794999999978,
        "std": 0.07022685164648251,
        "min": 1.1270420000000225,
        "max": 1.3333339999999638,
        "avg_tests": 84
      },
      "python": {
        "runs": 10,
        "mean": 0.153850099999997,
        "median": 0.14679149999999308,
        "std": 0.013088938743589365,
        "min": 0.1427920000000027,
        "max": 0.17937500000003714,
        "avg_tests": 52
      }
    },
    "Performance-Planner-Agent": {
      "rust": {
        "runs": 10,
        "mean": 0.48196680000000547,
        "median": 0.48556250000000856,
        "std": 0.018929548740304596,
        "min": 0.45124999999995863,
        "max": 0.5137920000000129,
        "avg_tests": 17
      },
      "python": {
        "runs": 10,
        "mean": 0.08996689999997698,
        "median": 0.08960449999997899,
        "std": 0.0017401820115507333,
        "min": 0.08724999999998317,
        "max": 0.09299999999995423,
        "avg_tests": 17
      }
    },
    "Data-Mocking-Agent": {
      "rust": {
        "runs": 10,
        "mean": 0.40684579999999415,
        "median": 0.4062499999999969,
        "std": 0.02097653565720196,
        "min": 0.37516599999998235,
        "max": 0.444082999999984,
        "avg_tests": 0
      },
      "python": {
        "runs": 10,
        "mean": 0.07011660000001418,
        "median": 0.07739600000000735,
        "std": 0.02563839229315249,
        "min": 0.03837500000003491,
        "max": 0.11945800000001672,
        "avg_tests": 3.6
      }
    }
  }
}