{
  "timestamp": "2025-08-31T10:25:31.154899",
  "iterations": 10,
  "warmup_iterations": 2,
  "results": {
    "Functional-Positive-Agent": {
      "mean": 0.038224799999997394,
      "median": 0.03756249999999073,
      "std": 0.0015778525350001078,
      "min": 0.03575000000000106,
      "max": 0.04066599999999476,
      "p95": 0.04066599999999476,
      "p99": 0.04066599999999476
    },
    "Functional-Negative-Agent": {
      "mean": 0.19197479999999434,
      "median": 0.1884789999999914,
      "std": 0.009185529486945385,
      "min": 0.18533299999998198,
      "max": 0.21399999999999197,
      "p95": 0.21399999999999197,
      "p99": 0.21399999999999197
    },
    "Functional-Stateful-Agent": {
      "mean": 0.07567079999999671,
      "median": 0.07552099999999506,
      "std": 0.001374162354950433,
      "min": 0.07408300000000256,
      "max": 0.07887499999997827,
      "p95": 0.07887499999997827,
      "p99": 0.07887499999997827
    },
    "Security-Auth-Agent": {
      "mean": 0.2289249000000021,
      "median": 0.1925630000000067,
      "std": 0.09417627220206466,
      "min": 0.16479099999999747,
      "max": 0.46304099999999737,
      "p95": 0.46304099999999737,
      "p99": 0.46304099999999737
    },
    "Security-Injection-Agent": {
      "mean": 0.21476229999999874,
      "median": 0.21189550000000335,
      "std": 0.010014058962278997,
      "min": 0.20625000000001892,
      "max": 0.24245900000000042,
      "p95": 0.24245900000000042,
      "p99": 0.24245900000000042
    },
    "Performance-Planner-Agent": {
      "mean": 0.10535420000000462,
      "median": 0.10487500000000427,
      "std": 0.0023861488171872214,
      "min": 0.10008300000000081,
      "max": 0.10879199999999645,
      "p95": 0.10879199999999645,
      "p99": 0.10879199999999645
    },
    "Data-Mocking-Agent": {
      "mean": 0.10626660000000454,
      "median": 0.11745850000001445,
      "std": 0.023402568962497934,
      "min": 0.07404099999999691,
      "max": 0.13083299999999687,
      "p95": 0.13083299999999687,
      "p99": 0.13083299999999687
    }
  }
}